timestamp,actual_kw,forecast_kw,persistence_kw,heat_dome
2023-11-07T09:00:00,6697.7007,6861.0347,6153.969,0
2023-11-07T10:00:00,7130.9385,7316.1685,6697.7007,0
2023-11-07T11:00:00,7516.1035,7704.536,7130.9385,0
2023-11-07T12:00:00,7777.498,8131.6626,7516.1035,0
2023-11-07T13:00:00,7770.715,8339.643,7777.498,0
2023-11-07T14:00:00,8294.508,8687.332,7770.715,0
2023-11-07T15:00:00,8598.545,9301.288,8294.508,0
2023-11-07T16:00:00,9491.698,9676.105,8598.545,0
2023-11-07T17:00:00,10324.581,10241.328,9491.698,0
2023-11-07T18:00:00,10965.143,10330.75,10324.581,0
2023-11-07T19:00:00,10662.061,10345.617,10965.143,0
2023-11-07T20:00:00,9785.677,9946.286,10662.061,0
2023-11-07T21:00:00,8621.411,8947.83,9785.677,0
2023-11-07T22:00:00,7276.68,7479.665,8621.411,0
2023-11-07T23:00:00,5647.7476,6032.0537,7276.68,0
2023-11-08T00:00:00,4130.731,4369.9355,5647.7476,0
2023-11-08T01:00:00,3812.6064,4124.0903,4130.731,0
2023-11-08T02:00:00,3545.2761,4032.2192,3812.6064,0
2023-11-08T03:00:00,3452.8704,3910.4907,3545.2761,0
2023-11-08T04:00:00,3533.097,4021.7441,3452.8704,0
2023-11-08T05:00:00,3907.4006,4370.4155,3533.097,0
2023-11-08T06:00:00,4709.6235,5095.898,3907.4006,0
2023-11-08T07:00:00,5359.7495,5644.685,4709.6235,0
2023-11-08T08:00:00,6141.0464,6044.434,5359.7495,0
2023-11-08T09:00:00,6644.2227,6888.0522,6141.0464,0
2023-11-08T10:00:00,7137.1196,7204.551,6644.2227,0
2023-11-08T11:00:00,7406.5913,7774.105,7137.1196,0
2023-11-08T12:00:00,7735.099,7870.6074,7406.5913,0
2023-11-08T13:00:00,7764.52,8242.406,7735.099,0
2023-11-08T14:00:00,8157.7266,8701.829,7764.52,0
2023-11-08T15:00:00,8548.457,9193.754,8157.7266,0
2023-11-08T16:00:00,9492.901,9558.223,8548.457,0
2023-11-08T17:00:00,10256.86,10145.763,9492.901,0
2023-11-08T18:00:00,11087.656,10310.09,10256.86,0
2023-11-08T19:00:00,10676.048,10412.777,11087.656,0
2023-11-08T20:00:00,9906.461,9824.872,10676.048,0
2023-11-08T21:00:00,8564.244,9073.396,9906.461,0
2023-11-08T22:00:00,7239.383,7453.4165,8564.244,0
2023-11-08T23:00:00,5596.1006,6024.9624,7239.383,0
2023-11-09T00:00:00,4185.966,4318.2954,5596.1006,0
2023-11-09T01:00:00,3826.3203,4140.458,4185.966,0
2023-11-09T02:00:00,3549.4385,4013.8445,3826.3203,0
2023-11-09T03:00:00,3455.8938,3851.894,3549.4385,0
2023-11-09T04:00:00,3561.4395,4021.4363,3455.8938,0
2023-11-09T05:00:00,3890.1748,4437.128,3561.4395,0
2023-11-09T06:00:00,4678.0244,5007.8784,3890.1748,0
2023-11-09T07:00:00,5401.344,5601.8047,4678.0244,0
2023-11-09T08:00:00,6097.7324,6156.4546,5401.344,0
2023-11-09T09:00:00,6639.1167,6737.5366,6097.7324,0
2023-11-09T10:00:00,7151.7363,7168.3735,6639.1167,0
2023-11-09T11:00:00,7477.538,7838.114,7151.7363,0
2023-11-09T12:00:00,7750.9204,8044.0425,7477.538,0
2023-11-09T13:00:00,7751.737,8262.853,7750.9204,0
2023-11-09T14:00:00,8124.275,8681.3955,7751.737,0
2023-11-09T15:00:00,8719.858,9136.985,8124.275,0
2023-11-09T16:00:00,9442.926,9760.976,8719.858,0
2023-11-09T17:00:00,10267.439,10066.986,9442.926,0
2023-11-09T18:00:00,10887.504,10319.62,10267.439,0
2023-11-09T19:00:00,10444.081,10370.895,10887.504,0
2023-11-09T20:00:00,9763.437,9855.754,10444.081,0
2023-11-09T21:00:00,8532.286,9032.688,9763.437,0
2023-11-09T22:00:00,7211.945,7433.7573,8532.286,0
2023-11-09T23:00:00,5642.811,6039.212,7211.945,0
2023-11-10T00:00:00,4134.6377,4402.2285,5642.811,0
2023-11-10T01:00:00,3782.312,4155.7227,4134.6377,0
2023-11-10T02:00:00,3572.2905,4015.255,3782.312,0
2023-11-10T03:00:00,3491.3018,3918.8347,3572.2905,0
2023-11-10T04:00:00,3531.816,4063.6501,3491.3018,0
2023-11-10T05:00:00,3902.2117,4322.055,3531.816,0
2023-11-10T06:00:00,4714.3955,4954.946,3902.2117,0
2023-11-10T07:00:00,5431.176,5684.454,4714.3955,0
2023-11-10T08:00:00,6051.897,6127.1064,5431.176,0
2023-11-10T09:00:00,6643.4624,6614.2017,6051.897,0
2023-11-10T10:00:00,7096.98,7210.195,6643.4624,0
2023-11-10T11:00:00,7495.2764,7662.5376,7096.98,0
2023-11-10T12:00:00,7703.1523,8114.0522,7495.2764,0
2023-11-10T13:00:00,7716.215,8185.7773,7703.1523,0
2023-11-10T14:00:00,8094.6826,8532.697,7716.215,0
2023-11-10T15:00:00,8749.123,9104.707,8094.6826,0
2023-11-10T16:00:00,9368.937,9799.1045,8749.123,0
2023-11-10T17:00:00,10362.421,9991.801,9368.937,0
2023-11-10T18:00:00,10874.328,10371.025,10362.421,0
2023-11-10T19:00:00,10338.136,10246.922,10874.328,0
2023-11-10T20:00:00,9826.541,9770.662,10338.136,0
2023-11-10T21:00:00,8562.541,9176.12,9826.541,0
2023-11-10T22:00:00,7245.03,7418.633,8562.541,0
2023-11-10T23:00:00,5648.5283,6030.11,7245.03,0
2023-11-11T00:00:00,4727.98,4385.4087,5648.5283,0
2023-11-11T01:00:00,4407.4272,4586.2866,4727.98,0
2023-11-11T02:00:00,4201.861,4619.837,4407.4272,0
2023-11-11T03:00:00,4072.1086,4576.9565,4201.861,0
2023-11-11T04:00:00,4143.195,4590.3276,4072.1086,0
2023-11-11T05:00:00,4504.5176,4809.7993,4143.195,0
2023-11-11T06:00:00,5202.801,5368.641,4504.5176,0
2023-11-11T07:00:00,5811.5674,5676.7686,5202.801,0
2023-11-11T08:00:00,6425.866,6354.771,5811.5674,0
2023-11-11T09:00:00,6902.0415,6853.039,6425.866,0
2023-11-11T10:00:00,7365.0063,7272.015,6902.0415,0
2023-11-11T11:00:00,7704.4194,7771.4253,7365.0063,0
2023-11-11T12:00:00,7927.488,8112.751,7704.4194,0
2023-11-11T13:00:00,7986.071,8220.549,7927.488,0
2023-11-11T14:00:00,8444.114,8725.359,7986.071,0
2023-11-11T15:00:00,8832.941,9299.528,8444.114,0
2023-11-11T16:00:00,9569.713,9765.234,8832.941,0
2023-11-11T17:00:00,10287.256,10093.337,9569.713,0
2023-11-11T18:00:00,11098.501,10328.404,10287.256,0
2023-11-11T19:00:00,10479.744,10375.435,11098.501,0
2023-11-11T20:00:00,9647.1875,9656.98,10479.744,0
2023-11-11T21:00:00,8737.8125,9030.756,9647.1875,0
2023-11-11T22:00:00,7516.107,7740.23,8737.8125,0
2023-11-11T23:00:00,6006.678,6295.724,7516.107,0
2023-11-12T00:00:00,4711.0415,4544.347,6006.678,0
2023-11-12T01:00:00,4397.025,4406.823,4711.0415,0
2023-11-12T02:00:00,4160.106,4587.559,4397.025,0
2023-11-12T03:00:00,4060.434,4520.156,4160.106,0
2023-11-12T04:00:00,4121.222,4493.976,4060.434,0
2023-11-12T05:00:00,4458.4023,4740.9756,4121.222,0
2023-11-12T06:00:00,5184.5024,5196.174,4458.4023,0
2023-11-12T07:00:00,5824.637,5658.6724,5184.5024,0
2023-11-12T08:00:00,6483.063,6414.0093,5824.637,0
2023-11-12T09:00:00,6924.3286,7045.4,6483.063,0
2023-11-12T10:00:00,7392.6807,7329.717,6924.3286,0
2023-11-12T11:00:00,7690.328,7909.2144,7392.6807,0
2023-11-12T12:00:00,7871.372,8100.251,7690.328,0
2023-11-12T13:00:00,8028.6943,8160.018,7871.372,0
2023-11-12T14:00:00,8400.363,8923.285,8028.6943,0
2023-11-12T15:00:00,8706.345,9320.571,8400.363,0
2023-11-12T16:00:00,9635.196,9721.924,8706.345,0
2023-11-12T17:00:00,10338.615,10306.991,9635.196,0
2023-11-12T18:00:00,10789.821,10288.034,10338.615,0
2023-11-12T19:00:00,10527.11,10290.203,10789.821,0
2023-11-12T20:00:00,9642.915,9862.715,10527.11,0
2023-11-12T21:00:00,8735.074,8826.055,9642.915,0
2023-11-12T22:00:00,7517.2153,7755.3657,8735.074,0
2023-11-12T23:00:00,6076.7896,6321.191,7517.2153,0
2023-11-13T00:00:00,4106.096,4587.068,6076.7896,0
2023-11-13T01:00:00,3797.2397,4073.5447,4106.096,0
2023-11-13T02:00:00,3558.299,4019.055,3797.2397,0
2023-11-13T03:00:00,3445.0156,3843.652,3558.299,0
2023-11-13T04:00:00,3503.8599,3902.8748,3445.0156,0
2023-11-13T05:00:00,3912.2551,4179.6787,3503.8599,0
2023-11-13T06:00:00,4670.626,5059.423,3912.2551,0
2023-11-13T07:00:00,5355.697,5457.2705,4670.626,0
2023-11-13T08:00:00,6042.852,6100.7534,5355.697,0
2023-11-13T09:00:00,6609.9146,6659.9834,6042.852,0
2023-11-13T10:00:00,7076.9414,7168.9307,6609.9146,0
2023-11-13T11:00:00,7338.3115,7645.2974,7076.9414,0
2023-11-13T12:00:00,7785.147,7694.1777,7338.3115,0
2023-11-13T13:00:00,7720.684,8438.073,7785.147,0
2023-11-13T14:00:00,8078.5244,8613.055,7720.684,0
2023-11-13T15:00:00,8511.785,9150.237,8078.5244,0
2023-11-13T16:00:00,9387.889,9630.335,8511.785,0
2023-11-13T17:00:00,10229.42,10112.059,9387.889,0
2023-11-13T18:00:00,10674.725,10289.954,10229.42,0
2023-11-13T19:00:00,10641.052,10142.759,10674.725,0
2023-11-13T20:00:00,9504.406,9859.027,10641.052,0
2023-11-13T21:00:00,8520.726,8608.18,9504.406,0
2023-11-13T22:00:00,7223.919,7543.837,8520.726,0
2023-11-13T23:00:00,5585.7744,6100.7495,7223.919,0
2023-11-14T00:00:00,4097.296,4267.9966,5585.7744,0
2023-11-14T01:00:00,3767.2385,4079.1633,4097.296,0
2023-11-14T02:00:00,3533.484,4003.0325,3767.2385,0
2023-11-14T03:00:00,3411.0579,3898.7236,3533.484,0
2023-11-14T04:00:00,3502.7175,3973.1907,3411.0579,0
2023-11-14T05:00:00,3896.0967,4307.4717,3502.7175,0
2023-11-14T06:00:00,4678.949,5134.423,3896.0967,0
2023-11-14T07:00:00,5342.6133,5566.143,4678.949,0
2023-11-14T08:00:00,6070.128,6018.6304,5342.6133,0
2023-11-14T09:00:00,6565.041,6697.5986,6070.128,0
2023-11-14T10:00:00,7086.2803,7008.5884,6565.041,0
2023-11-14T11:00:00,7446.087,7632.641,7086.2803,0
2023-11-14T12:00:00,7734.2324,7974.238,7446.087,0
2023-11-14T13:00:00,7666.768,8280.755,7734.2324,0
2023-11-14T14:00:00,8073.151,8380.645,7666.768,0
2023-11-14T15:00:00,8679.241,9118.448,8073.151,0
2023-11-14T16:00:00,9290.213,9716.171,8679.241,0
2023-11-14T17:00:00,10070.341,9954.107,9290.213,0
2023-11-14T18:00:00,10771.301,10307.918,10070.341,0
2023-11-14T19:00:00,10271.902,10244.36,10771.301,0
2023-11-14T20:00:00,9537.423,9804.28,10271.902,0
2023-11-14T21:00:00,8491.73,8850.68,9537.423,0
2023-11-14T22:00:00,7189.1294,7453.5405,8491.73,0
2023-11-14T23:00:00,5549.687,6062.8804,7189.1294,0
2023-11-15T00:00:00,4107.8613,4269.745,5549.687,0
2023-11-15T01:00:00,3760.2927,4077.344,4107.8613,0
2023-11-15T02:00:00,3533.6536,3971.529,3760.2927,0
2023-11-15T03:00:00,3423.0308,3875.139,3533.6536,0
2023-11-15T04:00:00,3485.8433,3963.3716,3423.0308,0
2023-11-15T05:00:00,3922.588,4292.7124,3485.8433,0
2023-11-15T06:00:00,4702.114,5202.56,3922.588,0
2023-11-15T07:00:00,5397.316,5571.601,4702.114,0
2023-11-15T08:00:00,6012.027,6052.1606,5397.316,0
2023-11-15T09:00:00,6590.3247,6568.891,6012.027,0
2023-11-15T10:00:00,6981.161,7079.641,6590.3247,0
2023-11-15T11:00:00,7367.287,7317.97,6981.161,0
2023-11-15T12:00:00,7652.1494,7767.741,7367.287,0
2023-11-15T13:00:00,7713.496,8143.2207,7652.1494,0
2023-11-15T14:00:00,7953.411,8546.497,7713.496,0
2023-11-15T15:00:00,8438.445,8981.295,7953.411,0
2023-11-15T16:00:00,9248.007,9552.407,8438.445,0
2023-11-15T17:00:00,10177.476,9986.236,9248.007,0
2023-11-15T18:00:00,10687.785,10259.576,10177.476,0
2023-11-15T19:00:00,10437.557,10097.143,10687.785,0
2023-11-15T20:00:00,9564.156,9767.113,10437.557,0
2023-11-15T21:00:00,8514.798,8829.735,9564.156,0
2023-11-15T22:00:00,7235.4785,7442.84,8514.798,0
2023-11-15T23:00:00,5594.8984,6074.0015,7235.4785,0
2023-11-16T00:00:00,4083.3813,4293.266,5594.8984,0
2023-11-16T01:00:00,3761.5842,4104.9097,4083.3813,0
2023-11-16T02:00:00,3554.315,3991.1584,3761.5842,0
2023-11-16T03:00:00,3438.8616,3912.4966,3554.315,0
2023-11-16T04:00:00,3476.532,3982.7249,3438.8616,0
2023-11-16T05:00:00,3876.8123,4221.532,3476.532,0
2023-11-16T06:00:00,4712.001,5088.778,3876.8123,0
2023-11-16T07:00:00,5293.9146,5643.482,4712.001,0
2023-11-16T08:00:00,6014.2344,5932.4204,5293.9146,0
2023-11-16T09:00:00,6511.7476,6574.77,6014.2344,0
2023-11-16T10:00:00,7059.3237,6878.843,6511.7476,0
2023-11-16T11:00:00,7358.8447,7519.176,7059.3237,0
2023-11-16T12:00:00,7691.628,7709.5806,7358.8447,0
2023-11-16T13:00:00,7744.4253,8184.0884,7691.628,0
2023-11-16T14:00:00,7963.281,8668.863,7744.4253,0
2023-11-16T15:00:00,8461.764,8960.548,7963.281,0
2023-11-16T16:00:00,9353.859,9557.372,8461.764,0
2023-11-16T17:00:00,10098.844,10042.953,9353.859,0
2023-11-16T18:00:00,10824.584,10242.539,10098.844,0
2023-11-16T19:00:00,10564.705,10167.087,10824.584,0
2023-11-16T20:00:00,9496.907,9764.584,10564.705,0
2023-11-16T21:00:00,8459.767,8619.557,9496.907,0
2023-11-16T22:00:00,7261.7637,7411.374,8459.767,0
2023-11-16T23:00:00,5601.5093,6177.822,7261.7637,0
2023-11-17T00:00:00,4133.077,4302.021,5601.5093,0
2023-11-17T01:00:00,3767.7473,4071.6108,4133.077,0
2023-11-17T02:00:00,3499.7268,3938.6038,3767.7473,0
2023-11-17T03:00:00,3396.562,3899.5881,3499.7268,0
2023-11-17T04:00:00,3480.0986,3991.6287,3396.562,0
2023-11-17T05:00:00,3899.9207,4250.6353,3480.0986,0
2023-11-17T06:00:00,4647.634,5174.059,3899.9207,0
2023-11-17T07:00:00,5349.5757,5497.4097,4647.634,0
2023-11-17T08:00:00,6008.1733,6069.563,5349.5757,0
2023-11-17T09:00:00,6598.2593,6550.6074,6008.1733,0
2023-11-17T10:00:00,7066.5073,7092.128,6598.2593,0
2023-11-17T11:00:00,7401.7646,7572.0034,7066.5073,0
2023-11-17T12:00:00,7691.007,7865.861,7401.7646,0
2023-11-17T13:00:00,7690.1543,8190.925,7691.007,0
2023-11-17T14:00:00,7971.3047,8516.86,7690.1543,0
2023-11-17T15:00:00,8593.417,8989.421,7971.3047,0
2023-11-17T16:00:00,9305.913,9700.38,8593.417,0
2023-11-17T17:00:00,10090.872,9984.471,9305.913,0
2023-11-17T18:00:00,10641.88,10283.822,10090.872,0
2023-11-17T19:00:00,10257.055,10178.955,10641.88,0
2023-11-17T20:00:00,9481.44,9734.807,10257.055,0
2023-11-17T21:00:00,8490.621,8847.258,9481.44,0
2023-11-17T22:00:00,7147.399,7478.832,8490.621,0
2023-11-17T23:00:00,5552.481,6014.597,7147.399,0
2023-11-18T00:00:00,4691.9756,4282.439,5552.481,0
2023-11-18T01:00:00,4384.937,4587.167,4691.9756,0
2023-11-18T02:00:00,4105.531,4621.3613,4384.937,0
2023-11-18T03:00:00,4026.7808,4402.945,4105.531,0
2023-11-18T04:00:00,4095.5857,4567.6016,4026.7808,0
2023-11-18T05:00:00,4452.049,4857.1978,4095.5857,0
2023-11-18T06:00:00,5161.3,5315.3066,4452.049,0
2023-11-18T07:00:00,5830.4414,5674.985,5161.3,0
2023-11-18T08:00:00,6383.412,6393.0454,5830.4414,0
2023-11-18T09:00:00,6944.1167,6771.469,6383.412,0
2023-11-18T10:00:00,7230.462,7443.1978,6944.1167,0
2023-11-18T11:00:00,7594.7124,7401.852,7230.462,0
2023-11-18T12:00:00,7877.6006,7834.764,7594.7124,0
2023-11-18T13:00:00,7972.2383,8178.1826,7877.6006,0
2023-11-18T14:00:00,8215.223,8752.677,7972.2383,0
2023-11-18T15:00:00,8807.207,9081.173,8215.223,0
2023-11-18T16:00:00,9558.65,9769.546,8807.207,0
2023-11-18T17:00:00,10078.849,10114.707,9558.65,0
2023-11-18T18:00:00,10639.508,10172.32,10078.849,0
2023-11-18T19:00:00,10224.639,10154.986,10639.508,0
2023-11-18T20:00:00,9588.274,9676.965,10224.639,0
2023-11-18T21:00:00,8694.551,8862.084,9588.274,0
2023-11-18T22:00:00,7454.189,7689.2773,8694.551,0
2023-11-18T23:00:00,6036.54,6240.689,7454.189,0
2023-11-19T00:00:00,4687.1226,4565.094,6036.54,0
2023-11-19T01:00:00,4393.945,4354.9,4687.1226,0
2023-11-19T02:00:00,4125.8203,4589.4404,4393.945,0
2023-11-19T03:00:00,4042.2253,4355.1694,4125.8203,0
2023-11-19T04:00:00,4060.377,4516.6875,4042.2253,0
2023-11-19T05:00:00,4420.695,4652.637,4060.377,0
2023-11-19T06:00:00,5127.2114,5210.277,4420.695,0
2023-11-19T07:00:00,5766.496,5641.8853,5127.2114,0
2023-11-19T08:00:00,6440.2764,6364.893,5766.496,0
2023-11-19T09:00:00,6868.84,7001.1523,6440.2764,0
2023-11-19T10:00:00,7251.243,7265.3228,6868.84,0
2023-11-19T11:00:00,7697.643,7471.931,7251.243,0
2023-11-19T12:00:00,7872.9067,8118.398,7697.643,0
2023-11-19T13:00:00,7950.711,8171.1,7872.9067,0
2023-11-19T14:00:00,8121.5786,8765.105,7950.711,0
2023-11-19T15:00:00,8615.441,9003.008,8121.5786,0
2023-11-19T16:00:00,9300.905,9687.864,8615.441,0
2023-11-19T17:00:00,9961.766,10076.496,9300.905,0
2023-11-19T18:00:00,10703.172,10279.423,9961.766,0
2023-11-19T19:00:00,10107.574,10273.447,10703.172,0
2023-11-19T20:00:00,9560.317,9629.002,10107.574,0
2023-11-19T21:00:00,8630.528,9103.959,9560.317,0
2023-11-19T22:00:00,7453.344,7745.4307,8630.528,0
2023-11-19T23:00:00,5996.1265,6362.812,7453.344,0
2023-11-20T00:00:00,4087.27,4556.0796,5996.1265,0
2023-11-20T01:00:00,3730.4082,4012.3735,4087.27,0
2023-11-20T02:00:00,3512.0347,3988.3257,3730.4082,0
2023-11-20T03:00:00,3395.5361,3803.753,3512.0347,0
2023-11-20T04:00:00,3483.5671,3879.6335,3395.5361,0
2023-11-20T05:00:00,3891.1843,4143.659,3483.5671,0
2023-11-20T06:00:00,4639.2827,5065.5747,3891.1843,0
2023-11-20T07:00:00,5370.487,5416.32,4639.2827,0
2023-11-20T08:00:00,6008.2773,6121.6167,5370.487,0
2023-11-20T09:00:00,6524.783,6586.564,6008.2773,0
2023-11-20T10:00:00,6967.295,6960.482,6524.783,0
2023-11-20T11:00:00,7351.121,7317.183,6967.295,0
2023-11-20T12:00:00,7619.004,7794.036,7351.121,0
2023-11-20T13:00:00,7555.9653,8116.8457,7619.004,0
2023-11-20T14:00:00,7924.8,8195.111,7555.9653,0
2023-11-20T15:00:00,8527.2705,8981.387,7924.8,0
2023-11-20T16:00:00,9348.73,9681.75,8527.2705,0
2023-11-20T17:00:00,10030.147,10046.267,9348.73,0
2023-11-20T18:00:00,10454.985,10152.604,10030.147,0
2023-11-20T19:00:00,10102.164,10011.878,10454.985,0
2023-11-20T20:00:00,9454.026,9703.038,10102.164,0
2023-11-20T21:00:00,8450.365,8846.939,9454.026,0
2023-11-20T22:00:00,7149.3022,7533.115,8450.365,0
2023-11-20T23:00:00,5509.5986,6079.84,7149.3022,0
2023-11-21T00:00:00,4070.2334,4209.9346,5509.5986,0
2023-11-21T01:00:00,3734.2205,4058.3777,4070.2334,0
2023-11-21T02:00:00,3516.1533,3931.471,3734.2205,0
2023-11-21T03:00:00,3399.0784,3876.738,3516.1533,0
2023-11-21T04:00:00,3484.6565,3911.2773,3399.0784,0
2023-11-21T05:00:00,3867.732,4286.239,3484.6565,0
2023-11-21T06:00:00,4627.0947,5083.5977,3867.732,0
2023-11-21T07:00:00,5304.21,5490.281,4627.0947,0
2023-11-21T08:00:00,6040.4536,6030.4316,5304.21,0
2023-11-21T09:00:00,6541.133,6658.2104,6040.4536,0
2023-11-21T10:00:00,6963.187,6924.738,6541.133,0
2023-11-21T11:00:00,7422.027,7269.579,6963.187,0
2023-11-21T12:00:00,7669.5396,7969.9863,7422.027,0
2023-11-21T13:00:00,7601.0283,8164.69,7669.5396,0
2023-11-21T14:00:00,7970.8853,8201.496,7601.0283,0
2023-11-21T15:00:00,8417.227,9019.251,7970.8853,0
2023-11-21T16:00:00,9147.599,9570.445,8417.227,0
2023-11-21T17:00:00,9859.518,9982.277,9147.599,0
2023-11-21T18:00:00,10690.749,10225.669,9859.518,0
2023-11-21T19:00:00,10131.106,10181.588,10690.749,0
2023-11-21T20:00:00,9452.075,9496.654,10131.106,0
2023-11-21T21:00:00,8465.095,8853.806,9452.075,0
2023-11-21T22:00:00,7099.4414,7485.8364,8465.095,0
2023-11-21T23:00:00,5522.963,5935.222,7099.4414,0
2023-11-22T00:00:00,4072.9004,4241.487,5522.963,0
2023-11-22T01:00:00,3704.6323,4061.6536,4072.9004,0
2023-11-22T02:00:00,3551.4844,3912.8557,3704.6323,0
2023-11-22T03:00:00,3378.0273,3969.406,3551.4844,0
2023-11-22T04:00:00,3455.9448,3936.6147,3378.0273,0
2023-11-22T05:00:00,3848.361,4155.8315,3455.9448,0
2023-11-22T06:00:00,4635.1055,5091.0117,3848.361,0
2023-11-22T07:00:00,5306.8086,5550.2124,4635.1055,0
2023-11-22T08:00:00,6009.489,6021.3247,5306.8086,0
2023-11-22T09:00:00,6531.1577,6584.154,6009.489,0
2023-11-22T10:00:00,6986.5063,6929.112,6531.1577,0
2023-11-22T11:00:00,7372.678,7311.272,6986.5063,0
2023-11-22T12:00:00,7735.2754,7837.3413,7372.678,0
2023-11-22T13:00:00,7693.2104,8307.689,7735.2754,0
2023-11-22T14:00:00,7944.304,8487.8545,7693.2104,0
2023-11-22T15:00:00,8432.396,8967.133,7944.304,0
2023-11-22T16:00:00,9079.895,9544.452,8432.396,0
2023-11-22T17:00:00,9794.783,9919.334,9079.895,0
2023-11-22T18:00:00,10574.649,10242.712,9794.783,0
2023-11-22T19:00:00,10160.867,10235.178,10574.649,0
2023-11-22T20:00:00,9442.07,9683.793,10160.867,0
2023-11-22T21:00:00,8320.592,8755.924,9442.07,0
2023-11-22T22:00:00,7099.639,7295.146,8320.592,0
2023-11-22T23:00:00,5535.088,6111.7026,7099.639,0
2023-11-23T00:00:00,4042.2576,4277.2446,5535.088,0
2023-11-23T01:00:00,3749.7705,4061.6406,4042.2576,0
2023-11-23T02:00:00,3504.3108,3953.293,3749.7705,0
2023-11-23T03:00:00,3364.0676,3956.6965,3504.3108,0
2023-11-23T04:00:00,3437.2917,3817.3208,3364.0676,0
2023-11-23T05:00:00,3841.7131,4141.155,3437.2917,0
2023-11-23T06:00:00,4628.804,5092.263,3841.7131,0
2023-11-23T07:00:00,5267.4146,5555.403,4628.804,0
2023-11-23T08:00:00,5986.096,5938.563,5267.4146,0
2023-11-23T09:00:00,6534.6753,6560.2954,5986.096,0
2023-11-23T10:00:00,6931.749,6934.1333,6534.6753,0
2023-11-23T11:00:00,7379.9546,7222.4644,6931.749,0
2023-11-23T12:00:00,7634.7437,7850.5317,7379.9546,0
2023-11-23T13:00:00,7615.715,8152.7417,7634.7437,0
2023-11-23T14:00:00,7947.4663,8319.339,7615.715,0
2023-11-23T15:00:00,8463.391,8988.578,7947.4663,0
2023-11-23T16:00:00,9051.073,9613.566,8463.391,0
2023-11-23T17:00:00,10010.082,9902.283,9051.073,0
2023-11-23T18:00:00,10653.734,10281.91,10010.082,0
2023-11-23T19:00:00,10081.297,10132.943,10653.734,0
2023-11-23T20:00:00,9452.113,9621.481,10081.297,0
2023-11-23T21:00:00,8408.561,8885.586,9452.113,0
2023-11-23T22:00:00,7108.769,7349.358,8408.561,0
2023-11-23T23:00:00,5529.9517,6023.7856,7108.769,0
2023-11-24T00:00:00,4031.4578,4265.6313,5529.9517,0
2023-11-24T01:00:00,3694.7493,4058.0388,4031.4578,0
2023-11-24T02:00:00,3469.6235,3963.5574,3694.7493,0
2023-11-24T03:00:00,3398.2556,3809.3987,3469.6235,0
2023-11-24T04:00:00,3464.127,3914.6165,3398.2556,0
2023-11-24T05:00:00,3829.2417,4255.6875,3464.127,0
2023-11-24T06:00:00,4643.3643,5012.994,3829.2417,0
2023-11-24T07:00:00,5314.257,5575.0415,4643.3643,0
2023-11-24T08:00:00,6016.1377,5994.856,5314.257,0
2023-11-24T09:00:00,6560.8833,6585.4355,6016.1377,0
2023-11-24T10:00:00,6869.9873,7025.889,6560.8833,0
2023-11-24T11:00:00,7330.2573,7121.963,6869.9873,0
2023-11-24T12:00:00,7665.6787,7719.0483,7330.2573,0
2023-11-24T13:00:00,7645.751,8176.692,7665.6787,0
2023-11-24T14:00:00,7869.955,8366.318,7645.751,0
2023-11-24T15:00:00,8381.083,8876.874,7869.955,0
2023-11-24T16:00:00,9095.507,9532.158,8381.083,0
2023-11-24T17:00:00,9892.589,9960.094,9095.507,0
2023-11-24T18:00:00,10493.393,10248.898,9892.589,0
2023-11-24T19:00:00,10099.563,10102.354,10493.393,0
2023-11-24T20:00:00,9394.724,9572.517,10099.563,0
2023-11-24T21:00:00,8396.474,8794.564,9394.724,0
2023-11-24T22:00:00,7177.9966,7448.6753,8396.474,0
2023-11-24T23:00:00,5493.754,6115.4414,7177.9966,0
2023-11-25T00:00:00,4636.208,4203.956,5493.754,0
2023-11-25T01:00:00,4353.2812,4537.2505,4636.208,0
2023-11-25T02:00:00,4113.6963,4632.754,4353.2812,0
2023-11-25T03:00:00,3993.0425,4409.871,4113.6963,0
2023-11-25T04:00:00,4056.5574,4490.8594,3993.0425,0
2023-11-25T05:00:00,4428.232,4749.066,4056.5574,0
2023-11-25T06:00:00,5116.267,5306.6387,4428.232,0
2023-11-25T07:00:00,5759.974,5639.744,5116.267,0
2023-11-25T08:00:00,6342.044,6342.1304,5759.974,0
2023-11-25T09:00:00,6893.644,6713.3423,6342.044,0
2023-11-25T10:00:00,7229.1357,7355.3535,6893.644,0
2023-11-25T11:00:00,7584.5093,7347.931,7229.1357,0
2023-11-25T12:00:00,7928.3984,7807.517,7584.5093,0
2023-11-25T13:00:00,7866.074,8315.04,7928.3984,0
2023-11-25T14:00:00,8134.8066,8457.98,7866.074,0
2023-11-25T15:00:00,8529.415,8992.383,8134.8066,0
2023-11-25T16:00:00,9213.953,9503.82,8529.415,0
2023-11-25T17:00:00,10046.263,10051.053,9213.953,0
2023-11-25T18:00:00,10406.089,10281.519,10046.263,0
2023-11-25T19:00:00,10021.863,10107.365,10406.089,0
2023-11-25T20:00:00,9497.355,9597.438,10021.863,0
2023-11-25T21:00:00,8505.448,9088.528,9497.355,0
2023-11-25T22:00:00,7423.341,7507.2,8505.448,0
2023-11-25T23:00:00,5983.981,6435.2153,7423.341,0
2023-11-26T00:00:00,4688.5986,4569.7593,5983.981,0
2023-11-26T01:00:00,4341.976,4338.4595,4688.5986,0
2023-11-26T02:00:00,4124.4517,4495.074,4341.976,0
2023-11-26T03:00:00,3981.5027,4406.8965,4124.4517,0
2023-11-26T04:00:00,4029.1145,4395.851,3981.5027,0
2023-11-26T05:00:00,4391.633,4645.7393,4029.1145,0
2023-11-26T06:00:00,5112.9023,5210.4604,4391.633,0
2023-11-26T07:00:00,5752.362,5652.8706,5112.9023,0
2023-11-26T08:00:00,6362.564,6333.1406,5752.362,0
2023-11-26T09:00:00,6830.9277,6806.1074,6362.564,0
2023-11-26T10:00:00,7286.3477,7202.081,6830.9277,0
2023-11-26T11:00:00,7578.927,7612.413,7286.3477,0
2023-11-26T12:00:00,7891.5503,7855.095,7578.927,0
2023-11-26T13:00:00,7826.863,8260.8545,7891.5503,0
2023-11-26T14:00:00,8162.159,8362.675,7826.863,0
2023-11-26T15:00:00,8566.743,9051.685,8162.159,0
2023-11-26T16:00:00,9202.788,9584.903,8566.743,0
2023-11-26T17:00:00,9914.208,9982.258,9202.788,0
2023-11-26T18:00:00,10515.9,10278.419,9914.208,0
2023-11-26T19:00:00,10142.249,10192.388,10515.9,0
2023-11-26T20:00:00,9511.466,9537.17,10142.249,0
2023-11-26T21:00:00,8573.345,8944.9795,9511.466,0
2023-11-26T22:00:00,7404.0376,7588.6714,8573.345,0
2023-11-26T23:00:00,5921.552,6347.1567,7404.0376,0
2023-11-27T00:00:00,4065.203,4510.3906,5921.552,0
2023-11-27T01:00:00,3718.3662,3998.1023,4065.203,0
2023-11-27T02:00:00,3464.8477,3938.5193,3718.3662,0
2023-11-27T03:00:00,3345.1685,3778.5999,3464.8477,0
2023-11-27T04:00:00,3480.1501,3747.3704,3345.1685,0
2023-11-27T05:00:00,3838.0803,4255.601,3480.1501,0
2023-11-27T06:00:00,4606.991,4972.159,3838.0803,0
2023-11-27T07:00:00,5258.141,5424.4575,4606.991,0
2023-11-27T08:00:00,6020.845,6035.685,5258.141,0
2023-11-27T09:00:00,6462.227,6635.7847,6020.845,0
2023-11-27T10:00:00,6944.6147,6773.1714,6462.227,0
2023-11-27T11:00:00,7320.618,7313.483,6944.6147,0
2023-11-27T12:00:00,7503.7734,7697.09,7320.618,0
2023-11-27T13:00:00,7578.7114,7861.388,7503.7734,0
2023-11-27T14:00:00,7909.2515,8234.376,7578.7114,0
2023-11-27T15:00:00,8397.41,8985.641,7909.2515,0
2023-11-27T16:00:00,9046.952,9589.894,8397.41,0
2023-11-27T17:00:00,9799.873,9937.266,9046.952,0
2023-11-27T18:00:00,10419.228,10143.955,9799.873,0
2023-11-27T19:00:00,10074.166,9959.242,10419.228,0
2023-11-27T20:00:00,9365.577,9565.665,10074.166,0
2023-11-27T21:00:00,8396.695,8815.436,9365.577,0
2023-11-27T22:00:00,7098.018,7547.9487,8396.695,0
2023-11-27T23:00:00,5522.5205,6054.649,7098.018,0
2023-11-28T00:00:00,4062.881,4204.9287,5522.5205,0
2023-11-28T01:00:00,3739.5217,4048.577,4062.881,0
2023-11-28T02:00:00,3474.3162,3925.6824,3739.5217,0
2023-11-28T03:00:00,3366.1592,3777.1316,3474.3162,0
2023-11-28T04:00:00,3430.5562,3819.4585,3366.1592,0
2023-11-28T05:00:00,3812.9287,4318.1284,3430.5562,0
2023-11-28T06:00:00,4586.9175,4967.446,3812.9287,0
2023-11-28T07:00:00,5262.0615,5487.233,4586.9175,0
2023-11-28T08:00:00,5996.0156,5990.7573,5262.0615,0
2023-11-28T09:00:00,6488.653,6570.7417,5996.0156,0
2023-11-28T10:00:00,6936.0713,6788.348,6488.653,0
2023-11-28T11:00:00,7329.88,7230.256,6936.0713,0
2023-11-28T12:00:00,7615.396,7704.4106,7329.88,0
2023-11-28T13:00:00,7578.554,8078.4546,7615.396,0
2023-11-28T14:00:00,7872.1616,8205.828,7578.554,0
2023-11-28T15:00:00,8473.143,8921.834,7872.1616,0
2023-11-28T16:00:00,9032.829,9672.639,8473.143,0
2023-11-28T17:00:00,9793.16,9860.538,9032.829,0
2023-11-28T18:00:00,10371.905,10181.408,9793.16,0
2023-11-28T19:00:00,10111.365,10041.576,10371.905,0
2023-11-28T20:00:00,9319.29,9655.449,10111.365,0
2023-11-28T21:00:00,8385.92,8575.463,9319.29,0
2023-11-28T22:00:00,7033.795,7516.557,8385.92,0
2023-11-28T23:00:00,5542.692,5923.598,7033.795,0
2023-11-29T00:00:00,4006.1326,4284.3765,5542.692,0
2023-11-29T01:00:00,3692.7559,4084.9568,4006.1326,0
2023-11-29T02:00:00,3476.0078,3932.449,3692.7559,0
2023-11-29T03:00:00,3379.825,3840.3972,3476.0078,0
2023-11-29T04:00:00,3407.9197,3882.9565,3379.825,0
2023-11-29T05:00:00,3813.6018,4127.0347,3407.9197,0
2023-11-29T06:00:00,4565.6875,4968.7603,3813.6018,0
2023-11-29T07:00:00,5279.8,5471.3926,4565.6875,0
2023-11-29T08:00:00,5959.6553,6051.708,5279.8,0
2023-11-29T09:00:00,6475.1006,6497.5513,5959.6553,0
2023-11-29T10:00:00,6920.3706,6783.8193,6475.1006,0
2023-11-29T11:00:00,7290.6514,7210.7437,6920.3706,0
2023-11-29T12:00:00,7544.511,7596.546,7290.6514,0
2023-11-29T13:00:00,7489.737,7967.939,7544.511,0
2023-11-29T14:00:00,7848.9956,8088.944,7489.737,0
2023-11-29T15:00:00,8366.262,8897.203,7848.9956,0
2023-11-29T16:00:00,9069.92,9546.702,8366.262,0
2023-11-29T17:00:00,9766.007,9909.986,9069.92,0
2023-11-29T18:00:00,10451.14,10036.592,9766.007,0
2023-11-29T19:00:00,9976.276,9980.978,10451.14,0
2023-11-29T20:00:00,9383.181,9450.894,9976.276,0
2023-11-29T21:00:00,8405.241,8949.292,9383.181,0
2023-11-29T22:00:00,7060.7563,7442.767,8405.241,0
2023-11-29T23:00:00,5483.077,5892.1045,7060.7563,0
2023-11-30T00:00:00,4043.017,4235.8984,5483.077,0
2023-11-30T01:00:00,3692.3809,3990.801,4043.017,0
2023-11-30T02:00:00,3503.1543,3909.2007,3692.3809,0
2023-11-30T03:00:00,3344.5657,3855.6667,3503.1543,0
2023-11-30T04:00:00,3425.3804,3881.991,3344.5657,0
2023-11-30T05:00:00,3828.0137,4028.9277,3425.3804,0
2023-11-30T06:00:00,4583.777,5069.826,3828.0137,0
2023-11-30T07:00:00,5269.543,5471.858,4583.777,0
2023-11-30T08:00:00,6004.916,6005.6997,5269.543,0
2023-11-30T09:00:00,6524.324,6559.548,6004.916,0
2023-11-30T10:00:00,6907.698,6898.6177,6524.324,0
2023-11-30T11:00:00,7356.8364,7163.833,6907.698,0
2023-11-30T12:00:00,7582.3916,7784.555,7356.8364,0
2023-11-30T13:00:00,7583.6934,8021.5254,7582.3916,0
2023-11-30T14:00:00,7846.847,8200.504,7583.6934,0
2023-11-30T15:00:00,8413.9795,8844.617,7846.847,0
2023-11-30T16:00:00,9040.307,9620.3,8413.9795,0
2023-11-30T17:00:00,9787.192,9882.157,9040.307,0
2023-11-30T18:00:00,10460.539,10191.507,9787.192,0
2023-11-30T19:00:00,10123.116,10079.519,10460.539,0
2023-11-30T20:00:00,9378.202,9518.551,10123.116,0
2023-11-30T21:00:00,8329.424,8713.821,9378.202,0
2023-11-30T22:00:00,7110.1216,7350.31,8329.424,0
2023-11-30T23:00:00,5475.008,6072.6206,7110.1216,0
2023-12-01T00:00:00,4038.7366,4201.5693,5475.008,0
2023-12-01T01:00:00,3705.5337,4025.1663,4038.7366,0
2023-12-01T02:00:00,3474.383,3875.8323,3705.5337,0
2023-12-01T03:00:00,3355.7493,3831.2097,3474.383,0
2023-12-01T04:00:00,3447.0552,3815.222,3355.7493,0
2023-12-01T05:00:00,3806.4717,4209.813,3447.0552,0
2023-12-01T06:00:00,4574.0815,4976.809,3806.4717,0
2023-12-01T07:00:00,5278.064,5481.239,4574.0815,0
2023-12-01T08:00:00,5986.11,6046.609,5278.064,0
2023-12-01T09:00:00,6473.667,6522.2505,5986.11,0
2023-12-01T10:00:00,6921.2896,6794.763,6473.667,0
2023-12-01T11:00:00,7331.778,7188.441,6921.2896,0
2023-12-01T12:00:00,7589.09,7736.593,7331.778,0
2023-12-01T13:00:00,7545.651,8066.2534,7589.09,0
2023-12-01T14:00:00,7804.4307,8175.374,7545.651,0
2023-12-01T15:00:00,8325.297,8730.457,7804.4307,0
2023-12-01T16:00:00,9013.503,9451.236,8325.297,0
2023-12-01T17:00:00,9763.339,9906.578,9013.503,0
2023-12-01T18:00:00,10398.989,10184.303,9763.339,0
2023-12-01T19:00:00,9946.808,10054.193,10398.989,0
2023-12-01T20:00:00,9377.55,9478.089,9946.808,0
2023-12-01T21:00:00,8346.3955,9031.677,9377.55,0
2023-12-01T22:00:00,7085.015,7372.076,8346.3955,0
2023-12-01T23:00:00,5513.84,6059.941,7085.015,0
2023-12-02T00:00:00,4598.8623,4221.6577,5513.84,0
2023-12-02T01:00:00,4294.249,4460.663,4598.8623,0
2023-12-02T02:00:00,4096.088,4572.643,4294.249,0
2023-12-02T03:00:00,3975.5088,4487.3643,4096.088,0
2023-12-02T04:00:00,4023.0056,4438.1357,3975.5088,0
2023-12-02T05:00:00,4374.563,4700.6074,4023.0056,0
2023-12-02T06:00:00,5081.2188,5242.688,4374.563,0
2023-12-02T07:00:00,5662.1973,5662.424,5081.2188,0
2023-12-02T08:00:00,6276.7266,6236.2183,5662.1973,0
2023-12-02T09:00:00,6746.41,6629.0654,6276.7266,0
2023-12-02T10:00:00,7138.2085,6917.4253,6746.41,0
2023-12-02T11:00:00,7527.4644,7251.7026,7138.2085,0
2023-12-02T12:00:00,7826.3853,7703.317,7527.4644,0
2023-12-02T13:00:00,7815.146,8144.938,7826.3853,0
2023-12-02T14:00:00,8010.7075,8293.19,7815.146,0
2023-12-02T15:00:00,8468.849,8802.584,8010.7075,0
2023-12-02T16:00:00,9113.858,9402.987,8468.849,0
2023-12-02T17:00:00,9825.354,9935.285,9113.858,0
2023-12-02T18:00:00,10340.643,10245.19,9825.354,0
2023-12-02T19:00:00,9975.973,10038.171,10340.643,0
2023-12-02T20:00:00,9389.454,9454.983,9975.973,0
2023-12-02T21:00:00,8504.112,9021.725,9389.454,0
2023-12-02T22:00:00,7344.803,7575.0186,8504.112,0
2023-12-02T23:00:00,5859.153,6317.294,7344.803,0
2023-12-03T00:00:00,4631.94,4531.6606,5859.153,0
2023-12-03T01:00:00,4278.133,4293.47,4631.94,0
2023-12-03T02:00:00,4110.2305,4464.379,4278.133,0
2023-12-03T03:00:00,3988.4172,4506.9497,4110.2305,0
2023-12-03T04:00:00,4014.919,4397.361,3988.4172,0
2023-12-03T05:00:00,4389.261,4566.857,4014.919,0
2023-12-03T06:00:00,5082.6016,5213.119,4389.261,0
2023-12-03T07:00:00,5668.161,5626.609,5082.6016,0
2023-12-03T08:00:00,6311.1226,6252.112,5668.161,0
2023-12-03T09:00:00,6793.3643,6721.059,6311.1226,0
2023-12-03T10:00:00,7207.1455,7058.0215,6793.3643,0
2023-12-03T11:00:00,7504.8335,7407.2515,7207.1455,0
2023-12-03T12:00:00,7834.474,7647.1,7504.8335,0
2023-12-03T13:00:00,7808.346,8173.165,7834.474,0
2023-12-03T14:00:00,8077.1934,8321.216,7808.346,0
2023-12-03T15:00:00,8394.658,8962.604,8077.1934,0
2023-12-03T16:00:00,9227.467,9207.674,8394.658,0
2023-12-03T17:00:00,9761.182,10107.998,9227.467,0
2023-12-03T18:00:00,10406.127,10052.553,9761.182,0
2023-12-03T19:00:00,10081.763,10125.482,10406.127,0
2023-12-03T20:00:00,9414.534,9552.636,10081.763,0
2023-12-03T21:00:00,8519.804,8817.891,9414.534,0
2023-12-03T22:00:00,7317.464,7649.7925,8519.804,0
2023-12-03T23:00:00,5923.641,6290.1343,7317.464,0
2023-12-04T00:00:00,4026.1067,4529.5107,5923.641,0
2023-12-04T01:00:00,3658.9348,3994.4875,4026.1067,0
2023-12-04T02:00:00,3458.4958,3893.2544,3658.9348,0
2023-12-04T03:00:00,3331.6755,3787.8914,3458.4958,0
2023-12-04T04:00:00,3425.2368,3781.2932,3331.6755,0
2023-12-04T05:00:00,3826.2488,4125.67,3425.2368,0
2023-12-04T06:00:00,4578.6646,4990.25,3826.2488,0
2023-12-04T07:00:00,5227.6978,5392.276,4578.6646,0
2023-12-04T08:00:00,5931.606,5976.3936,5227.6978,0
2023-12-04T09:00:00,6392.06,6499.9224,5931.606,0
2023-12-04T10:00:00,6910.1616,6677.423,6392.06,0
2023-12-04T11:00:00,7260.1904,7256.9307,6910.1616,0
2023-12-04T12:00:00,7487.8354,7538.7524,7260.1904,0
2023-12-04T13:00:00,7635.1333,7812.3423,7487.8354,0
2023-12-04T14:00:00,7889.082,8466.9375,7635.1333,0
2023-12-04T15:00:00,8269.877,8952.2295,7889.082,0
2023-12-04T16:00:00,8985.254,9231.209,8269.877,0
2023-12-04T17:00:00,9738.572,9917.796,8985.254,0
2023-12-04T18:00:00,10459.689,10093.256,9738.572,0
2023-12-04T19:00:00,10026.83,9994.152,10459.689,0
2023-12-04T20:00:00,9277.392,9453.196,10026.83,0
2023-12-04T21:00:00,8316.801,8713.9795,9277.392,0
2023-12-04T22:00:00,7041.7163,7497.7114,8316.801,0
2023-12-04T23:00:00,5431.658,6042.308,7041.7163,0
2023-12-05T00:00:00,4048.666,4210.811,5431.658,0
2023-12-05T01:00:00,3682.939,4008.234,4048.666,0
2023-12-05T02:00:00,3458.4912,3866.2236,3682.939,0
2023-12-05T03:00:00,3348.5764,3765.7578,3458.4912,0
2023-12-05T04:00:00,3392.5762,3820.6218,3348.5764,0
2023-12-05T05:00:00,3757.2478,4160.3633,3392.5762,0
2023-12-05T06:00:00,4559.853,4897.377,3757.2478,0
2023-12-05T07:00:00,5239.612,5503.6465,4559.853,0
2023-12-05T08:00:00,5928.1714,5985.8247,5239.612,0
2023-12-05T09:00:00,6434.4927,6468.0435,5928.1714,0
2023-12-05T10:00:00,6903.9404,6693.295,6434.4927,0
2023-12-05T11:00:00,7220.1577,7193.0,6903.9404,0
2023-12-05T12:00:00,7554.3135,7417.321,7220.1577,0
2023-12-05T13:00:00,7506.9604,7949.8794,7554.3135,0
2023-12-05T14:00:00,7796.926,8147.8877,7506.9604,0
2023-12-05T15:00:00,8288.258,8823.302,7796.926,0
2023-12-05T16:00:00,8977.835,9344.842,8288.258,0
2023-12-05T17:00:00,9668.31,9866.218,8977.835,0
2023-12-05T18:00:00,10327.98,10075.725,9668.31,0
2023-12-05T19:00:00,10015.552,9986.329,10327.98,0
2023-12-05T20:00:00,9289.226,9589.596,10015.552,0
2023-12-05T21:00:00,8276.464,8605.107,9289.226,0
2023-12-05T22:00:00,7016.7856,7321.0024,8276.464,0
2023-12-05T23:00:00,5423.0024,5978.399,7016.7856,0
2023-12-06T00:00:00,4013.2566,4212.3726,5423.0024,0
2023-12-06T01:00:00,3701.5916,4029.3289,4013.2566,0
2023-12-06T02:00:00,3469.7393,3895.8652,3701.5916,0
2023-12-06T03:00:00,3362.2139,3785.3123,3469.7393,0
2023-12-06T04:00:00,3406.5894,3855.6482,3362.2139,0
2023-12-06T05:00:00,3788.806,4034.3967,3406.5894,0
2023-12-06T06:00:00,4555.6953,4886.168,3788.806,0
2023-12-06T07:00:00,5213.2065,5476.886,4555.6953,0
2023-12-06T08:00:00,5880.335,5985.312,5213.2065,0
2023-12-06T09:00:00,6408.9883,6425.6816,5880.335,0
2023-12-06T10:00:00,6961.899,6689.2817,6408.9883,0
2023-12-06T11:00:00,7300.612,7321.639,6961.899,0
2023-12-06T12:00:00,7497.768,7582.3247,7300.612,0
2023-12-06T13:00:00,7528.6025,7792.709,7497.768,0
2023-12-06T14:00:00,7805.609,8141.4507,7528.6025,0
2023-12-06T15:00:00,8278.367,8749.995,7805.609,0
2023-12-06T16:00:00,8982.928,9302.15,8278.367,0
2023-12-06T17:00:00,9735.941,9883.375,8982.928,0
2023-12-06T18:00:00,10447.685,10069.705,9735.941,0
2023-12-06T19:00:00,10014.418,9978.926,10447.685,0
2023-12-06T20:00:00,9329.265,9395.086,10014.418,0
2023-12-06T21:00:00,8323.272,8791.797,9329.265,0
2023-12-06T22:00:00,7063.631,7363.6743,8323.272,0
2023-12-06T23:00:00,5434.8447,5987.8267,7063.631,0
2023-12-07T00:00:00,4002.9177,4173.919,5434.8447,0
2023-12-07T01:00:00,3675.494,4026.8408,4002.9177,0
2023-12-07T02:00:00,3471.256,3906.6187,3675.494,0
2023-12-07T03:00:00,3327.4314,3828.093,3471.256,0
2023-12-07T04:00:00,3387.876,3837.8643,3327.4314,0
2023-12-07T05:00:00,3791.93,4039.3157,3387.876,0
2023-12-07T06:00:00,4568.0513,4969.6997,3791.93,0
2023-12-07T07:00:00,5196.399,5482.499,4568.0513,0
2023-12-07T08:00:00,5928.2295,5936.6543,5196.399,0
2023-12-07T09:00:00,6449.7905,6498.8706,5928.2295,0
2023-12-07T10:00:00,6875.9453,6732.101,6449.7905,0
2023-12-07T11:00:00,7272.8955,7157.9497,6875.9453,0
2023-12-07T12:00:00,7571.867,7583.3813,7272.8955,0
2023-12-07T13:00:00,7527.9775,8007.6196,7571.867,0
2023-12-07T14:00:00,7841.7515,8148.0596,7527.9775,0
2023-12-07T15:00:00,8271.169,8864.325,7841.7515,0
2023-12-07T16:00:00,8929.447,9287.435,8271.169,0
2023-12-07T17:00:00,9789.244,9843.99,8929.447,0
2023-12-07T18:00:00,10303.225,10217.013,9789.244,0
2023-12-07T19:00:00,9973.882,9968.815,10303.225,0
2023-12-07T20:00:00,9257.985,9594.082,9973.882,0
2023-12-07T21:00:00,8261.897,8723.566,9257.985,0
2023-12-07T22:00:00,7019.9097,7338.594,8261.897,0
2023-12-07T23:00:00,5442.831,6052.4946,7019.9097,0
2023-12-08T00:00:00,4009.0127,4198.3296,5442.831,0
2023-12-08T01:00:00,3675.9617,4009.7488,4009.0127,0
2023-12-08T02:00:00,3482.2092,3884.6812,3675.9617,0
2023-12-08T03:00:00,3351.2422,3835.4646,3482.2092,0
2023-12-08T04:00:00,3432.9956,3799.7495,3351.2422,0
2023-12-08T05:00:00,3745.204,4113.7324,3432.9956,0
2023-12-08T06:00:00,4560.0933,4863.198,3745.204,0
2023-12-08T07:00:00,5182.285,5517.34,4560.0933,0
2023-12-08T08:00:00,5887.4805,5929.5913,5182.285,0
2023-12-08T09:00:00,6476.5986,6459.5923,5887.4805,0
2023-12-08T10:00:00,6918.0005,6823.666,6476.5986,0
2023-12-08T11:00:00,7272.5166,7204.3755,6918.0005,0
2023-12-08T12:00:00,7549.411,7556.405,7272.5166,0
2023-12-08T13:00:00,7523.379,7988.9927,7549.411,0
2023-12-08T14:00:00,7817.464,8143.5967,7523.379,0
2023-12-08T15:00:00,8330.768,8832.715,7817.464,0
2023-12-08T16:00:00,8911.205,9462.115,8330.768,0
2023-12-08T17:00:00,9728.594,9771.503,8911.205,0
2023-12-08T18:00:00,10285.919,10209.984,9728.594,0
2023-12-08T19:00:00,9952.27,9948.729,10285.919,0
2023-12-08T20:00:00,9279.999,9503.074,9952.27,0
2023-12-08T21:00:00,8296.395,8780.0,9279.999,0
2023-12-08T22:00:00,6986.367,7357.1284,8296.395,0
2023-12-08T23:00:00,5381.18,5939.7583,6986.367,0
2023-12-09T00:00:00,4583.921,4216.2056,5381.18,0
2023-12-09T01:00:00,4261.576,4518.3755,4583.921,0
2023-12-09T02:00:00,4052.3923,4521.693,4261.576,0
2023-12-09T03:00:00,3956.934,4485.027,4052.3923,0
2023-12-09T04:00:00,4014.779,4472.485,3956.934,0
2023-12-09T05:00:00,4346.75,4706.736,4014.779,0
2023-12-09T06:00:00,5028.1655,5155.1377,4346.75,0
2023-12-09T07:00:00,5646.946,5655.2646,5028.1655,0
2023-12-09T08:00:00,6233.9087,6203.3994,5646.946,0
2023-12-09T09:00:00,6741.1743,6538.982,6233.9087,0
2023-12-09T10:00:00,7113.886,6913.278,6741.1743,0
2023-12-09T11:00:00,7468.2935,7216.477,7113.886,0
2023-12-09T12:00:00,7707.6133,7564.664,7468.2935,0
2023-12-09T13:00:00,7777.247,7871.811,7707.6133,0
2023-12-09T14:00:00,8103.287,8244.091,7777.247,0
2023-12-09T15:00:00,8500.336,8986.773,8103.287,0
2023-12-09T16:00:00,8986.42,9525.744,8500.336,0
2023-12-09T17:00:00,9782.9795,9759.647,8986.42,0
2023-12-09T18:00:00,10296.929,10207.065,9782.9795,0
2023-12-09T19:00:00,9998.792,9905.274,10296.929,0
2023-12-09T20:00:00,9424.15,9517.722,9998.792,0
2023-12-09T21:00:00,8476.495,8896.626,9424.15,0
2023-12-09T22:00:00,7327.3833,7471.8237,8476.495,0
2023-12-09T23:00:00,5891.816,6263.905,7327.3833,0
2023-12-10T00:00:00,4551.725,4449.434,5891.816,0
2023-12-10T01:00:00,4285.465,4255.24,4551.725,0
2023-12-10T02:00:00,4071.0806,4555.5884,4285.465,0
2023-12-10T03:00:00,3940.4944,4431.697,4071.0806,0
2023-12-10T04:00:00,4025.548,4406.854,3940.4944,0
2023-12-10T05:00:00,4357.8633,4688.1304,4025.548,0
2023-12-10T06:00:00,5024.4897,5139.7324,4357.8633,0
2023-12-10T07:00:00,5621.607,5618.484,5024.4897,0
2023-12-10T08:00:00,6242.3477,6249.779,5621.607,0
2023-12-10T09:00:00,6772.8716,6587.182,6242.3477,0
2023-12-10T10:00:00,7127.033,7049.8774,6772.8716,0
2023-12-10T11:00:00,7505.6406,7251.773,7127.033,0
2023-12-10T12:00:00,7729.3613,7651.233,7505.6406,0
2023-12-10T13:00:00,7742.9443,7927.9053,7729.3613,0
2023-12-10T14:00:00,8055.6885,8203.7295,7742.9443,0
2023-12-10T15:00:00,8501.549,8988.763,8055.6885,0
2023-12-10T16:00:00,9086.3545,9568.954,8501.549,0
2023-12-10T17:00:00,9824.675,9892.6,9086.3545,0
2023-12-10T18:00:00,10269.318,10177.759,9824.675,0
2023-12-10T19:00:00,9944.213,9919.989,10269.318,0
2023-12-10T20:00:00,9360.721,9554.023,9944.213,0
2023-12-10T21:00:00,8493.42,8983.221,9360.721,0
2023-12-10T22:00:00,7368.2817,7685.72,8493.42,0
2023-12-10T23:00:00,5832.568,6369.5884,7368.2817,0
2023-12-11T00:00:00,4000.2927,4470.756,5832.568,0
2023-12-11T01:00:00,3689.6682,3893.591,4000.2927,0
2023-12-11T02:00:00,3443.8213,3925.0935,3689.6682,0
2023-12-11T03:00:00,3309.2383,3736.509,3443.8213,0
2023-12-11T04:00:00,3396.305,3696.0393,3309.2383,0
2023-12-11T05:00:00,3769.127,4155.1177,3396.305,0
2023-12-11T06:00:00,4565.9536,4904.174,3769.127,0
2023-12-11T07:00:00,5250.584,5454.891,4565.9536,0
2023-12-11T08:00:00,5870.8496,6001.9697,5250.584,0
2023-12-11T09:00:00,6467.6113,6387.5537,5870.8496,0
2023-12-11T10:00:00,6835.9805,6848.1284,6467.6113,0
2023-12-11T11:00:00,7234.1,7112.003,6835.9805,0
2023-12-11T12:00:00,7520.7056,7507.073,7234.1,0
2023-12-11T13:00:00,7471.48,7890.1685,7520.7056,0
2023-12-11T14:00:00,7815.68,8085.883,7471.48,0
2023-12-11T15:00:00,8214.407,8914.048,7815.68,0
2023-12-11T16:00:00,8969.568,9211.393,8214.407,0
2023-12-11T17:00:00,9728.002,9908.782,8969.568,0
2023-12-11T18:00:00,10328.81,10113.052,9728.002,0
2023-12-11T19:00:00,10014.348,9935.68,10328.81,0
2023-12-11T20:00:00,9264.569,9533.404,10014.348,0
2023-12-11T21:00:00,8193.392,8624.598,9264.569,0
2023-12-11T22:00:00,7043.3896,7242.3037,8193.392,0
2023-12-11T23:00:00,5421.002,6176.6206,7043.3896,0
2023-12-12T00:00:00,3987.5388,4167.392,5421.002,0
2023-12-12T01:00:00,3646.8745,4016.2283,3987.5388,0
2023-12-12T02:00:00,3414.3757,3893.49,3646.8745,0
2023-12-12T03:00:00,3289.2097,3737.1409,3414.3757,0
2023-12-12T04:00:00,3399.8203,3783.5134,3289.2097,0
2023-12-12T05:00:00,3789.0803,4160.0186,3399.8203,0
2023-12-12T06:00:00,4518.396,4939.8267,3789.0803,0
2023-12-12T07:00:00,5218.351,5414.462,4518.396,0
2023-12-12T08:00:00,5938.147,6035.613,5218.351,0
2023-12-12T09:00:00,6407.146,6468.693,5938.147,0
2023-12-12T10:00:00,6813.538,6666.935,6407.146,0
2023-12-12T11:00:00,7224.02,7062.7393,6813.538,0
2023-12-12T12:00:00,7473.3574,7440.2964,7224.02,0
2023-12-12T13:00:00,7506.9907,7737.2144,7473.3574,0
2023-12-12T14:00:00,7743.6177,8112.6987,7506.9907,0
2023-12-12T15:00:00,8203.548,8600.572,7743.6177,0
2023-12-12T16:00:00,8986.153,9070.66,8203.548,0
2023-12-12T17:00:00,9694.261,9908.584,8986.153,0
2023-12-12T18:00:00,10318.651,10000.781,9694.261,0
2023-12-12T19:00:00,9904.772,9916.654,10318.651,0
2023-12-12T20:00:00,9193.126,9453.022,9904.772,0
2023-12-12T21:00:00,8303.955,8700.044,9193.126,0
2023-12-12T22:00:00,7017.1445,7425.808,8303.955,0
2023-12-12T23:00:00,5400.1772,5959.303,7017.1445,0
2023-12-13T00:00:00,4014.928,4164.263,5400.1772,0
2023-12-13T01:00:00,3662.717,3990.094,4014.928,0
2023-12-13T02:00:00,3431.8506,3851.5085,3662.717,0
2023-12-13T03:00:00,3300.8796,3707.8137,3431.8506,0
2023-12-13T04:00:00,3404.49,3771.6023,3300.8796,0
2023-12-13T05:00:00,3775.1606,4193.935,3404.49,0
2023-12-13T06:00:00,4536.053,4941.945,3775.1606,0
2023-12-13T07:00:00,5145.5835,5433.9556,4536.053,0
2023-12-13T08:00:00,5870.4497,5939.2744,5145.5835,0
2023-12-13T09:00:00,6402.019,6446.2026,5870.4497,0
2023-12-13T10:00:00,6845.036,6675.85,6402.019,0
2023-12-13T11:00:00,7156.2554,7112.6274,6845.036,0
2023-12-13T12:00:00,7511.174,7316.475,7156.2554,0
2023-12-13T13:00:00,7519.4287,7827.331,7511.174,0
2023-12-13T14:00:00,7704.2793,8144.2944,7519.4287,0
2023-12-13T15:00:00,8261.876,8377.85,7704.2793,0
2023-12-13T16:00:00,8894.276,9284.084,8261.876,0
2023-12-13T17:00:00,9682.848,9798.889,8894.276,0
2023-12-13T18:00:00,10228.222,10115.598,9682.848,0
2023-12-13T19:00:00,9930.478,9905.574,10228.222,0
2023-12-13T20:00:00,9250.534,9542.04,9930.478,0
2023-12-13T21:00:00,8330.029,8684.783,9250.534,0
2023-12-13T22:00:00,7014.3447,7477.5703,8330.029,0
2023-12-13T23:00:00,5462.0645,5945.178,7014.3447,0
2023-12-14T00:00:00,3972.9185,4186.818,5462.0645,0
2023-12-14T01:00:00,3622.0574,4047.2117,3972.9185,0
2023-12-14T02:00:00,3408.1274,3847.8208,3622.0574,0
2023-12-14T03:00:00,3296.1714,3758.9712,3408.1274,0
2023-12-14T04:00:00,3392.063,3794.279,3296.1714,0
2023-12-14T05:00:00,3793.2017,4184.678,3392.063,0
2023-12-14T06:00:00,4519.513,4965.657,3793.2017,0
2023-12-14T07:00:00,5210.3975,5403.44,4519.513,0
2023-12-14T08:00:00,5904.5986,5963.0933,5210.3975,0
2023-12-14T09:00:00,6376.9937,6442.939,5904.5986,0
2023-12-14T10:00:00,6839.4946,6647.6973,6376.9937,0
2023-12-14T11:00:00,7164.6074,7105.7183,6839.4946,0
2023-12-14T12:00:00,7412.7046,7306.2905,7164.6074,0
2023-12-14T13:00:00,7485.2827,7599.19,7412.7046,0
2023-12-14T14:00:00,7766.072,8108.4097,7485.2827,0
2023-12-14T15:00:00,8257.008,8615.323,7766.072,0
2023-12-14T16:00:00,8971.942,9289.605,8257.008,0
2023-12-14T17:00:00,9732.994,9818.825,8971.942,0
2023-12-14T18:00:00,10268.883,10018.93,9732.994,0
2023-12-14T19:00:00,9878.435,9824.887,10268.883,0
2023-12-14T20:00:00,9210.561,9440.307,9878.435,0
2023-12-14T21:00:00,8191.58,8762.133,9210.561,0
2023-12-14T22:00:00,7026.1577,7265.7666,8191.58,0
2023-12-14T23:00:00,5385.394,6097.934,7026.1577,0
2023-12-15T00:00:00,3988.734,4190.235,5385.394,0
2023-12-15T01:00:00,3624.2778,3971.845,3988.734,0
2023-12-15T02:00:00,3432.4175,3802.884,3624.2778,0
2023-12-15T03:00:00,3304.1807,3764.475,3432.4175,0
2023-12-15T04:00:00,3360.5571,3836.7092,3304.1807,0
2023-12-15T05:00:00,3739.8032,4147.7275,3360.5571,0
2023-12-15T06:00:00,4496.799,4839.056,3739.8032,0
2023-12-15T07:00:00,5203.7383,5441.9673,4496.799,0
2023-12-15T08:00:00,5893.4844,6010.609,5203.7383,0
2023-12-15T09:00:00,6396.6094,6420.944,5893.4844,0
2023-12-15T10:00:00,6828.4165,6668.573,6396.6094,0
2023-12-15T11:00:00,7207.8926,7093.606,6828.4165,0
2023-12-15T12:00:00,7448.714,7393.187,7207.8926,0
2023-12-15T13:00:00,7475.4917,7629.2173,7448.714,0
2023-12-15T14:00:00,7751.27,8070.389,7475.4917,0
2023-12-15T15:00:00,8235.371,8632.113,7751.27,0
2023-12-15T16:00:00,8929.515,9249.43,8235.371,0
2023-12-15T17:00:00,9602.379,9814.588,8929.515,0
2023-12-15T18:00:00,10196.51,9991.086,9602.379,0
2023-12-15T19:00:00,9948.475,9871.808,10196.51,0
2023-12-15T20:00:00,9212.129,9560.747,9948.475,0
2023-12-15T21:00:00,8275.0,8573.194,9212.129,0
2023-12-15T22:00:00,6960.8906,7353.654,8275.0,0
2023-12-15T23:00:00,5407.879,5906.616,6960.8906,0
2023-12-16T00:00:00,4584.31,4173.15,5407.879,0
2023-12-16T01:00:00,4247.4746,4497.2026,4584.31,0
2023-12-16T02:00:00,4023.2773,4450.248,4247.4746,0
2023-12-16T03:00:00,3911.175,4408.9634,4023.2773,0
2023-12-16T04:00:00,3998.6096,4409.692,3911.175,0
2023-12-16T05:00:00,4287.4062,4710.359,3998.6096,0
2023-12-16T06:00:00,4982.432,5120.5923,4287.4062,0
2023-12-16T07:00:00,5576.2944,5669.649,4982.432,0
2023-12-16T08:00:00,6208.4644,6212.2686,5576.2944,0
2023-12-16T09:00:00,6691.3975,6542.081,6208.4644,0
2023-12-16T10:00:00,7091.2144,6796.94,6691.3975,0
2023-12-16T11:00:00,7398.4365,7177.28,7091.2144,0
2023-12-16T12:00:00,7715.7856,7408.748,7398.4365,0
2023-12-16T13:00:00,7727.32,7848.578,7715.7856,0
2023-12-16T14:00:00,7991.565,8152.3306,7727.32,0
2023-12-16T15:00:00,8487.401,8852.721,7991.565,0
2023-12-16T16:00:00,9078.429,9535.537,8487.401,0
2023-12-16T17:00:00,9700.11,9839.57,9078.429,0
2023-12-16T18:00:00,10404.39,10037.932,9700.11,0
2023-12-16T19:00:00,9871.955,9966.952,10404.39,0
2023-12-16T20:00:00,9277.82,9261.43,9871.955,0
2023-12-16T21:00:00,8404.551,8967.804,9277.82,0
2023-12-16T22:00:00,7194.4277,7545.2563,8404.551,0
2023-12-16T23:00:00,5888.8984,6215.3804,7194.4277,0
2023-12-17T00:00:00,4527.1055,4657.5015,5888.8984,0
2023-12-17T01:00:00,4224.902,4183.89,4527.1055,0
2023-12-17T02:00:00,4031.0676,4537.843,4224.902,0
2023-12-17T03:00:00,3923.5198,4450.6763,4031.0676,0
2023-12-17T04:00:00,3959.9504,4417.8784,3923.5198,0
2023-12-17T05:00:00,4291.999,4677.595,3959.9504,0
2023-12-17T06:00:00,5000.398,5119.5034,4291.999,0
2023-12-17T07:00:00,5611.5425,5683.8486,5000.398,0
2023-12-17T08:00:00,6265.1025,6212.0645,5611.5425,0
2023-12-17T09:00:00,6702.673,6631.1333,6265.1025,0
2023-12-17T10:00:00,7110.782,6830.5884,6702.673,0
2023-12-17T11:00:00,7454.8623,7232.6274,7110.782,0
2023-12-17T12:00:00,7711.2974,7536.592,7454.8623,0
2023-12-17T13:00:00,7667.7495,7891.2075,7711.2974,0
2023-12-17T14:00:00,7983.301,8071.9927,7667.7495,0
2023-12-17T15:00:00,8412.853,8892.936,7983.301,0
2023-12-17T16:00:00,8988.307,9446.373,8412.853,0
2023-12-17T17:00:00,9713.182,9844.372,8988.307,0
2023-12-17T18:00:00,10198.324,10153.123,9713.182,0
2023-12-17T19:00:00,9967.025,9906.734,10198.324,0
2023-12-17T20:00:00,9290.389,9551.951,9967.025,0
2023-12-17T21:00:00,8453.309,8697.789,9290.389,0
2023-12-17T22:00:00,7227.8076,7666.5435,8453.309,0
2023-12-17T23:00:00,5850.5947,6238.312,7227.8076,0
2023-12-18T00:00:00,3973.8257,4573.1147,5850.5947,0
2023-12-18T01:00:00,3630.8792,3887.1418,3973.8257,0
2023-12-18T02:00:00,3416.7117,3885.591,3630.8792,0
2023-12-18T03:00:00,3301.5488,3721.8794,3416.7117,0
2023-12-18T04:00:00,3383.117,3759.0408,3301.5488,0
2023-12-18T05:00:00,3722.609,4066.1157,3383.117,0
2023-12-18T06:00:00,4517.1147,4796.484,3722.609,0
2023-12-18T07:00:00,5181.6406,5478.4243,4517.1147,0
2023-12-18T08:00:00,5865.3203,6018.9565,5181.6406,0
2023-12-18T09:00:00,6346.1587,6413.322,5865.3203,0
2023-12-18T10:00:00,6768.4673,6668.088,6346.1587,0
2023-12-18T11:00:00,7150.064,7048.3843,6768.4673,0
2023-12-18T12:00:00,7492.837,7351.8516,7150.064,0
2023-12-18T13:00:00,7370.845,7832.476,7492.837,0
2023-12-18T14:00:00,7726.5073,7763.7075,7370.845,0
2023-12-18T15:00:00,8269.315,8690.15,7726.5073,0
2023-12-18T16:00:00,8890.021,9400.336,8269.315,0
2023-12-18T17:00:00,9637.223,9745.419,8890.021,0
2023-12-18T18:00:00,10182.636,10017.101,9637.223,0
2023-12-18T19:00:00,9912.135,9830.544,10182.636,0
2023-12-18T20:00:00,9231.6,9597.867,9912.135,0
2023-12-18T21:00:00,8207.401,8699.456,9231.6,0
2023-12-18T22:00:00,6934.576,7277.0063,8207.401,0
2023-12-18T23:00:00,5377.873,5990.4985,6934.576,0
2023-12-19T00:00:00,3998.7783,4230.4688,5377.873,0
2023-12-19T01:00:00,3669.5105,3941.2346,3998.7783,0
2023-12-19T02:00:00,3428.3145,3823.8694,3669.5105,0
2023-12-19T03:00:00,3310.281,3700.6704,3428.3145,0
2023-12-19T04:00:00,3374.2446,3737.523,3310.281,0
2023-12-19T05:00:00,3747.7083,4134.7114,3374.2446,0
2023-12-19T06:00:00,4530.4453,4811.0737,3747.7083,0
2023-12-19T07:00:00,5132.8403,5474.2886,4530.4453,0
2023-12-19T08:00:00,5836.25,5925.7534,5132.8403,0
2023-12-19T09:00:00,6350.367,6426.582,5836.25,0
2023-12-19T10:00:00,6796.3687,6658.7397,6350.367,0
2023-12-19T11:00:00,7202.9897,7038.488,6796.3687,0
2023-12-19T12:00:00,7472.239,7386.941,7202.9897,0
2023-12-19T13:00:00,7462.3496,7729.449,7472.239,0
2023-12-19T14:00:00,7760.618,7975.1143,7462.3496,0
2023-12-19T15:00:00,8237.07,8627.25,7760.618,0
2023-12-19T16:00:00,8858.008,9249.913,8237.07,0
2023-12-19T17:00:00,9652.548,9742.377,8858.008,0
2023-12-19T18:00:00,10160.497,10069.447,9652.548,0
2023-12-19T19:00:00,9897.595,9819.077,10160.497,0
2023-12-19T20:00:00,9214.759,9557.953,9897.595,0
2023-12-19T21:00:00,8202.706,8661.047,9214.759,0
2023-12-19T22:00:00,6947.01,7254.9375,8202.706,0
2023-12-19T23:00:00,5348.5415,5961.864,6947.01,0
2023-12-20T00:00:00,3992.7654,4186.3354,5348.5415,0
2023-12-20T01:00:00,3641.7751,4009.0798,3992.7654,0
2023-12-20T02:00:00,3433.687,3871.7766,3641.7751,0
2023-12-20T03:00:00,3261.1719,3704.929,3433.687,0
2023-12-20T04:00:00,3356.6257,3814.422,3261.1719,0
2023-12-20T05:00:00,3746.972,4056.7527,3356.6257,0
2023-12-20T06:00:00,4501.814,4879.0874,3746.972,0
2023-12-20T07:00:00,5123.871,5445.49,4501.814,0
2023-12-20T08:00:00,5840.8506,5893.5205,5123.871,0
2023-12-20T09:00:00,6337.018,6427.0913,5840.8506,0
2023-12-20T10:00:00,6834.0234,6653.337,6337.018,0
2023-12-20T11:00:00,7212.3096,7106.3794,6834.0234,0
2023-12-20T12:00:00,7515.782,7403.0728,7212.3096,0
2023-12-20T13:00:00,7434.3257,7857.1353,7515.782,0
2023-12-20T14:00:00,7724.8667,7950.634,7434.3257,0
2023-12-20T15:00:00,8166.7466,8535.705,7724.8667,0
2023-12-20T16:00:00,8981.284,9028.311,8166.7466,0
2023-12-20T17:00:00,9693.02,9893.821,8981.284,0
2023-12-20T18:00:00,10179.023,10007.541,9693.02,0
2023-12-20T19:00:00,9912.7295,9811.3,10179.023,0
2023-12-20T20:00:00,9292.74,9571.377,9912.7295,0
2023-12-20T21:00:00,8173.104,8788.082,9292.74,0
2023-12-20T22:00:00,6905.803,7150.522,8173.104,0
2023-12-20T23:00:00,5393.526,5946.725,6905.803,0
2023-12-21T00:00:00,3966.7139,4231.5054,5393.526,0
2023-12-21T01:00:00,3641.3281,4001.472,3966.7139,0
2023-12-21T02:00:00,3443.3513,3804.114,3641.3281,0
2023-12-21T03:00:00,3296.6843,3752.6497,3443.3513,0
2023-12-21T04:00:00,3366.3892,3682.8796,3296.6843,0
2023-12-21T05:00:00,3742.8057,4064.6555,3366.3892,0
2023-12-21T06:00:00,4497.3433,4885.236,3742.8057,0
2023-12-21T07:00:00,5171.2827,5428.052,4497.3433,0
2023-12-21T08:00:00,5831.848,5961.2485,5171.2827,0
2023-12-21T09:00:00,6344.6675,6395.5757,5831.848,0
2023-12-21T10:00:00,6785.843,6656.1177,6344.6675,0
2023-12-21T11:00:00,7150.798,7044.0254,6785.843,0
2023-12-21T12:00:00,7476.1597,7309.872,7150.798,0
2023-12-21T13:00:00,7410.33,7755.108,7476.1597,0
2023-12-21T14:00:00,7700.1006,7862.438,7410.33,0
2023-12-21T15:00:00,8241.366,8452.043,7700.1006,0
2023-12-21T16:00:00,8878.539,9236.4795,8241.366,0
2023-12-21T17:00:00,9590.82,9782.516,8878.539,0
2023-12-21T18:00:00,10249.591,10010.803,9590.82,0
2023-12-21T19:00:00,10017.736,9878.969,10249.591,0
2023-12-21T20:00:00,9224.31,9571.252,10017.736,0
2023-12-21T21:00:00,8203.593,8528.572,9224.31,0
2023-12-21T22:00:00,6963.8066,7188.688,8203.593,0
2023-12-21T23:00:00,5426.826,5962.5815,6963.8066,0
2023-12-22T00:00:00,3939.0537,4190.4453,5426.826,0
2023-12-22T01:00:00,3646.2559,4019.5789,3939.0537,0
2023-12-22T02:00:00,3418.1885,3821.718,3646.2559,0
2023-12-22T03:00:00,3307.3088,3802.1853,3418.1885,0
2023-12-22T04:00:00,3346.3457,3733.7075,3307.3088,0
2023-12-22T05:00:00,3726.6628,4052.217,3346.3457,0
2023-12-22T06:00:00,4493.8345,4783.802,3726.6628,0
2023-12-22T07:00:00,5182.617,5441.995,4493.8345,0
2023-12-22T08:00:00,5816.497,5998.129,5182.617,0
2023-12-22T09:00:00,6374.946,6377.311,5816.497,0
2023-12-22T10:00:00,6787.5176,6679.944,6374.946,0
2023-12-22T11:00:00,7125.6978,7027.8086,6787.5176,0
2023-12-22T12:00:00,7501.6646,7261.729,7125.6978,0
2023-12-22T13:00:00,7443.7056,7821.178,7501.6646,0
2023-12-22T14:00:00,7742.3306,7940.4995,7443.7056,0
2023-12-22T15:00:00,8255.702,8556.848,7742.3306,0
2023-12-22T16:00:00,8881.869,9316.343,8255.702,0
2023-12-22T17:00:00,9614.631,9742.021,8881.869,0
2023-12-22T18:00:00,10243.842,10001.226,9614.631,0
2023-12-22T19:00:00,9866.691,9886.074,10243.842,0
2023-12-22T20:00:00,9195.281,9488.399,9866.691,0
2023-12-22T21:00:00,8239.625,8729.08,9195.281,0
2023-12-22T22:00:00,6939.445,7344.6235,8239.625,0
2023-12-22T23:00:00,5370.223,5901.13,6939.445,0
2023-12-23T00:00:00,4509.2354,4210.4316,5370.223,0
2023-12-23T01:00:00,4199.2446,4430.3193,4509.2354,0
2023-12-23T02:00:00,4014.3662,4545.061,4199.2446,0
2023-12-23T03:00:00,3893.5398,4450.7456,4014.3662,0
2023-12-23T04:00:00,3932.5227,4422.462,3893.5398,0
2023-12-23T05:00:00,4294.5933,4592.686,3932.5227,0
2023-12-23T06:00:00,5010.7344,5168.5566,4294.5933,0
2023-12-23T07:00:00,5577.685,5668.095,5010.7344,0
2023-12-23T08:00:00,6195.8022,6146.438,5577.685,0
2023-12-23T09:00:00,6657.1787,6503.5073,6195.8022,0
2023-12-23T10:00:00,7135.633,6759.806,6657.1787,0
2023-12-23T11:00:00,7417.818,7242.768,7135.633,0
2023-12-23T12:00:00,7658.5933,7398.474,7417.818,0
2023-12-23T13:00:00,7690.372,7729.433,7658.5933,0
2023-12-23T14:00:00,7940.896,8088.4644,7690.372,0
2023-12-23T15:00:00,8314.947,8693.364,7940.896,0
2023-12-23T16:00:00,8992.202,9073.317,8314.947,0
2023-12-23T17:00:00,9661.573,9854.356,8992.202,0
2023-12-23T18:00:00,10151.774,10033.6045,9661.573,0
2023-12-23T19:00:00,9875.112,9875.265,10151.774,0
2023-12-23T20:00:00,9242.995,9473.86,9875.112,0
2023-12-23T21:00:00,8340.5,8755.458,9242.995,0
2023-12-23T22:00:00,7215.7437,7419.2964,8340.5,0
2023-12-23T23:00:00,5826.1763,6244.9507,7215.7437,0
2023-12-24T00:00:00,4553.1875,4575.329,5826.1763,0
2023-12-24T01:00:00,4216.1836,4178.9253,4553.1875,0
2023-12-24T02:00:00,4033.0276,4431.3335,4216.1836,0
2023-12-24T03:00:00,3888.8306,4441.919,4033.0276,0
2023-12-24T04:00:00,3905.3582,4373.352,3888.8306,0
2023-12-24T05:00:00,4322.8794,4562.114,3905.3582,0
2023-12-24T06:00:00,5003.6523,5232.6147,4322.8794,0
2023-12-24T07:00:00,5548.005,5639.523,5003.6523,0
2023-12-24T08:00:00,6218.9204,6167.056,5548.005,0
2023-12-24T09:00:00,6676.7646,6601.9565,6218.9204,0
2023-12-24T10:00:00,7055.557,6797.5693,6676.7646,0
2023-12-24T11:00:00,7437.7007,7182.904,7055.557,0
2023-12-24T12:00:00,7663.146,7527.2944,7437.7007,0
2023-12-24T13:00:00,7693.6807,7737.8013,7663.146,0
2023-12-24T14:00:00,7948.0923,8113.8296,7693.6807,0
2023-12-24T15:00:00,8418.863,8740.855,7948.0923,0
2023-12-24T16:00:00,8972.158,9366.301,8418.863,0
2023-12-24T17:00:00,9710.906,9769.313,8972.158,0
2023-12-24T18:00:00,10231.798,10110.322,9710.906,0
2023-12-24T19:00:00,9939.588,9841.334,10231.798,0
2023-12-24T20:00:00,9262.046,9512.293,9939.588,0
2023-12-24T21:00:00,8421.015,8664.75,9262.046,0
2023-12-24T22:00:00,7210.396,7598.681,8421.015,0
2023-12-24T23:00:00,5800.4917,6200.385,7210.396,0
2023-12-25T00:00:00,3941.3645,4554.766,5800.4917,0
2023-12-25T01:00:00,3635.113,3913.779,3941.3645,0
2023-12-25T02:00:00,3415.497,3861.6086,3635.113,0
2023-12-25T03:00:00,3240.9387,3731.4514,3415.497,0
2023-12-25T04:00:00,3392.2913,3744.5193,3240.9387,0
2023-12-25T05:00:00,3737.2976,4067.1313,3392.2913,0
2023-12-25T06:00:00,4500.611,4904.7285,3737.2976,0
2023-12-25T07:00:00,5134.3086,5413.1055,4500.611,0
2023-12-25T08:00:00,5835.1885,5957.432,5134.3086,0
2023-12-25T09:00:00,6354.467,6425.48,5835.1885,0
2023-12-25T10:00:00,6750.3423,6674.088,6354.467,0
2023-12-25T11:00:00,7229.8213,7004.2563,6750.3423,0
2023-12-25T12:00:00,7403.064,7501.29,7229.8213,0
2023-12-25T13:00:00,7422.203,7565.9043,7403.064,0
2023-12-25T14:00:00,7736.4272,7943.0894,7422.203,0
2023-12-25T15:00:00,8181.5444,8629.456,7736.4272,0
2023-12-25T16:00:00,8824.937,9139.148,8181.5444,0
2023-12-25T17:00:00,9581.32,9703.481,8824.937,0
2023-12-25T18:00:00,10171.355,10010.504,9581.32,0
2023-12-25T19:00:00,9824.02,9835.037,10171.355,0
2023-12-25T20:00:00,9177.656,9469.648,9824.02,0
2023-12-25T21:00:00,8215.297,8802.305,9177.656,0
2023-12-25T22:00:00,6932.807,7379.215,8215.297,0
2023-12-25T23:00:00,5352.908,5942.645,6932.807,0
2023-12-26T00:00:00,3962.2776,4199.78,5352.908,0
2023-12-26T01:00:00,3612.5215,3939.283,3962.2776,0
2023-12-26T02:00:00,3422.749,3860.5334,3612.5215,0
2023-12-26T03:00:00,3293.9587,3737.9758,3422.749,0
2023-12-26T04:00:00,3370.9565,3703.2922,3293.9587,0
2023-12-26T05:00:00,3711.6284,4188.211,3370.9565,0
2023-12-26T06:00:00,4502.9907,4757.8267,3711.6284,0
2023-12-26T07:00:00,5181.022,5478.9487,4502.9907,0
2023-12-26T08:00:00,5813.7627,5933.0767,5181.022,0
2023-12-26T09:00:00,6317.098,6374.7236,5813.7627,0
2023-12-26T10:00:00,6781.514,6659.498,6317.098,0
2023-12-26T11:00:00,7129.132,7027.478,6781.514,0
2023-12-26T12:00:00,7433.572,7294.8813,7129.132,0
2023-12-26T13:00:00,7401.318,7610.235,7433.572,0
2023-12-26T14:00:00,7703.93,7831.5444,7401.318,0
2023-12-26T15:00:00,8134.649,8490.224,7703.93,0
2023-12-26T16:00:00,8853.995,8903.324,8134.649,0
2023-12-26T17:00:00,9571.357,9714.227,8853.995,0
2023-12-26T18:00:00,10179.507,9938.506,9571.357,0
2023-12-26T19:00:00,9864.652,9826.989,10179.507,0
2023-12-26T20:00:00,9141.99,9461.522,9864.652,0
2023-12-26T21:00:00,8275.901,8616.724,9141.99,0
2023-12-26T22:00:00,6971.965,7463.9497,8275.901,0
2023-12-26T23:00:00,5411.4585,5895.4624,6971.965,0
2023-12-27T00:00:00,3926.786,4151.763,5411.4585,0
2023-12-27T01:00:00,3629.4958,4036.0088,3926.786,0
2023-12-27T02:00:00,3372.4883,3793.849,3629.4958,0
2023-12-27T03:00:00,3259.554,3827.6636,3372.4883,0
2023-12-27T04:00:00,3335.0264,3738.8503,3259.554,0
2023-12-27T05:00:00,3739.2678,4104.753,3335.0264,0
2023-12-27T06:00:00,4460.7275,4801.097,3739.2678,0
2023-12-27T07:00:00,5122.5117,5409.9863,4460.7275,0
2023-12-27T08:00:00,5807.215,5982.4087,5122.5117,0
2023-12-27T09:00:00,6350.947,6408.435,5807.215,0
2023-12-27T10:00:00,6764.802,6670.5396,6350.947,0
2023-12-27T11:00:00,7182.7046,7007.435,6764.802,0
2023-12-27T12:00:00,7447.979,7355.443,7182.7046,0
2023-12-27T13:00:00,7428.449,7653.3867,7447.979,0
2023-12-27T14:00:00,7761.2153,7893.5103,7428.449,0
2023-12-27T15:00:00,8207.564,8635.092,7761.2153,0
2023-12-27T16:00:00,8808.775,9041.947,8207.564,0
2023-12-27T17:00:00,9581.877,9683.159,8808.775,0
2023-12-27T18:00:00,10244.691,10017.473,9581.877,0
2023-12-27T19:00:00,9916.084,9863.809,10244.691,0
2023-12-27T20:00:00,9125.544,9468.966,9916.084,0
2023-12-27T21:00:00,8188.4507,8515.335,9125.544,0
2023-12-27T22:00:00,6991.838,7317.833,8188.4507,0
2023-12-27T23:00:00,5311.9775,6011.1714,6991.838,0
2023-12-28T00:00:00,3931.2292,4185.4146,5311.9775,0
2023-12-28T01:00:00,3587.9565,3934.715,3931.2292,0
2023-12-28T02:00:00,3414.4429,3857.4001,3587.9565,0
2023-12-28T03:00:00,3258.178,3726.656,3414.4429,0
2023-12-28T04:00:00,3356.233,3805.7031,3258.178,0
2023-12-28T05:00:00,3758.599,4026.1812,3356.233,0
2023-12-28T06:00:00,4470.412,4916.02,3758.599,0
2023-12-28T07:00:00,5134.1494,5365.94,4470.412,0
2023-12-28T08:00:00,5840.2793,5971.576,5134.1494,0
2023-12-28T09:00:00,6335.2017,6418.1646,5840.2793,0
2023-12-28T10:00:00,6806.8115,6651.7666,6335.2017,0
2023-12-28T11:00:00,7225.2456,7063.5513,6806.8115,0
2023-12-28T12:00:00,7414.6646,7437.2705,7225.2456,0
2023-12-28T13:00:00,7383.728,7564.3525,7414.6646,0
2023-12-28T14:00:00,7796.3906,7774.678,7383.728,0
2023-12-28T15:00:00,8223.708,8821.0625,7796.3906,0
2023-12-28T16:00:00,8921.04,9156.108,8223.708,0
2023-12-28T17:00:00,9604.549,9728.622,8921.04,0
2023-12-28T18:00:00,10100.959,9857.739,9604.549,0
2023-12-28T19:00:00,9806.518,9797.154,10100.959,0
2023-12-28T20:00:00,9141.75,9574.553,9806.518,0
2023-12-28T21:00:00,8242.302,8643.906,9141.75,0
2023-12-28T22:00:00,6903.5,7396.1113,8242.302,0
2023-12-28T23:00:00,5371.6304,5895.137,6903.5,0
2023-12-29T00:00:00,3930.2573,4197.2183,5371.6304,0
2023-12-29T01:00:00,3639.577,3956.4443,3930.2573,0
2023-12-29T02:00:00,3420.7485,3797.8787,3639.577,0
2023-12-29T03:00:00,3280.9282,3792.3315,3420.7485,0
2023-12-29T04:00:00,3358.6511,3704.516,3280.9282,0
2023-12-29T05:00:00,3732.8892,4044.806,3358.6511,0
2023-12-29T06:00:00,4479.0127,4860.0586,3732.8892,0
2023-12-29T07:00:00,5171.926,5401.247,4479.0127,0
2023-12-29T08:00:00,5832.314,5995.778,5171.926,0
2023-12-29T09:00:00,6338.402,6390.3994,5832.314,0
2023-12-29T10:00:00,6763.815,6660.1924,6338.402,0
2023-12-29T11:00:00,7142.4897,7008.233,6763.815,0
2023-12-29T12:00:00,7407.7593,7305.0596,7142.4897,0
2023-12-29T13:00:00,7418.17,7561.814,7407.7593,0
2023-12-29T14:00:00,7676.129,7857.9165,7418.17,0
2023-12-29T15:00:00,8157.986,8425.387,7676.129,0
2023-12-29T16:00:00,8861.522,9000.543,8157.986,0
2023-12-29T17:00:00,9617.308,9749.86,8861.522,0
2023-12-29T18:00:00,10070.378,9953.695,9617.308,0
2023-12-29T19:00:00,9812.862,9730.22,10070.378,0
2023-12-29T20:00:00,9141.995,9527.07,9812.862,0
2023-12-29T21:00:00,8190.153,8652.598,9141.995,0
2023-12-29T22:00:00,6922.4487,7336.187,8190.153,0
2023-12-29T23:00:00,5414.7876,5926.2217,6922.4487,0
2023-12-30T00:00:00,4502.5693,4199.308,5414.7876,0
2023-12-30T01:00:00,4247.8716,4375.712,4502.5693,0
2023-12-30T02:00:00,3959.289,4580.864,4247.8716,0
2023-12-30T03:00:00,3855.7305,4396.2734,3959.289,0
2023-12-30T04:00:00,3927.4048,4329.637,3855.7305,0
2023-12-30T05:00:00,4309.944,4686.773,3927.4048,0
2023-12-30T06:00:00,4970.1343,5217.377,4309.944,0
2023-12-30T07:00:00,5602.512,5626.455,4970.1343,0
2023-12-30T08:00:00,6227.861,6223.1147,5602.512,0
2023-12-30T09:00:00,6637.3955,6535.3506,6227.861,0
2023-12-30T10:00:00,7048.606,6726.467,6637.3955,0
2023-12-30T11:00:00,7384.036,7132.474,7048.606,0
2023-12-30T12:00:00,7663.8887,7378.1416,7384.036,0
2023-12-30T13:00:00,7692.6787,7698.367,7663.8887,0
2023-12-30T14:00:00,7916.834,8076.6055,7692.6787,0
2023-12-30T15:00:00,8401.894,8511.505,7916.834,0
2023-12-30T16:00:00,8994.932,9231.764,8401.894,0
2023-12-30T17:00:00,9706.547,9777.936,8994.932,0
2023-12-30T18:00:00,10125.421,10054.566,9706.547,0
2023-12-30T19:00:00,9885.459,9729.555,10125.421,0
2023-12-30T20:00:00,9161.212,9539.355,9885.459,0
2023-12-30T21:00:00,8317.486,8510.344,9161.212,0
2023-12-30T22:00:00,7176.9224,7442.259,8317.486,0
2023-12-30T23:00:00,5797.9136,6258.936,7176.9224,0
2023-12-31T00:00:00,4546.71,4610.7944,5797.9136,0
2023-12-31T01:00:00,4204.2554,4169.938,4546.71,0
2023-12-31T02:00:00,3974.4023,4461.742,4204.2554,0
2023-12-31T03:00:00,3914.2583,4343.0854,3974.4023,0
2023-12-31T04:00:00,3928.1868,4464.112,3914.2583,0
2023-12-31T05:00:00,4300.8433,4582.221,3928.1868,0
2023-12-31T06:00:00,4911.821,5201.8506,4300.8433,0
2023-12-31T07:00:00,5542.2935,5631.4224,4911.821,0
2023-12-31T08:00:00,6161.1226,6271.378,5542.2935,0
2023-12-31T09:00:00,6610.486,6539.189,6161.1226,0
2023-12-31T10:00:00,7072.258,6782.1665,6610.486,0
2023-12-31T11:00:00,7314.7173,7195.6914,7072.258,0
2023-12-31T12:00:00,7646.3057,7297.1333,7314.7173,0
2023-12-31T13:00:00,7639.44,7705.859,7646.3057,0
2023-12-31T14:00:00,7922.424,8000.864,7639.44,0
2023-12-31T15:00:00,8352.374,8646.906,7922.424,0
2023-12-31T16:00:00,8979.985,9199.795,8352.374,0
2023-12-31T17:00:00,9596.82,9790.779,8979.985,0
2023-12-31T18:00:00,10158.561,9988.555,9596.82,0
2023-12-31T19:00:00,9855.816,9844.368,10158.561,0
2023-12-31T20:00:00,9261.04,9485.24,9855.816,0
2023-12-31T21:00:00,8423.191,8767.829,9261.04,0
2023-12-31T22:00:00,7203.0786,7604.18,8423.191,0
2023-12-31T23:00:00,5846.7007,6174.453,7203.0786,0
